name,id,img_link
emotional balance  spice mixture,48156,
i stole the idea from mirj  sesame noodles,90921,
munch without guilt  tomatoes,30300,
open sesame  noodles,107229,
pour over anything  mushroom gravy,35595,"['https://img.sndimg.com/food/image/upload/f_auto,c_thumb,q_55,w_20,ar_5:4/v1/img/recipes/90/92/1/picObZtgm.jpg', 'https://img.sndimg.com/food/image/upload/f_auto,c_thumb,q_55,w_80,ar_5:4/v1/img/recipes/90/92/1/picObZtgm.jpg', 'https://img.sndimg.com/food/image/upload/f_auto,c_thumb,q_55,w_100,ar_5:4/v1/img/recipes/90/92/1/picObZtgm.jpg', 'https://img.sndimg.com/food/image/upload/f_auto,c_thumb,q_55,w_120,ar_5:4/v1/img/recipes/90/92/1/picObZtgm.jpg', 'https://img.sndimg.com/food/image/upload/f_auto,c_thumb,q_55,w_200,ar_5:4/v1/img/recipes/90/92/1/picObZtgm.jpg', 'https://img.sndimg.com/food/image/upload/f_auto,c_thumb,q_55,w_250,ar_5:4/v1/img/recipes/90/92/1/picObZtgm.jpg']"
some like it hot,64045,
tide me over   indian chaat  simple veggie salad,63793,"['https://img.sndimg.com/food/image/upload/f_auto,c_thumb,q_55,w_20,ar_5:4/v1/img/recipes/37/84/1/picz5yATQ.jpg', 'https://img.sndimg.com/food/image/upload/f_auto,c_thumb,q_55,w_80,ar_5:4/v1/img/recipes/37/84/1/picz5yATQ.jpg', 'https://img.sndimg.com/food/image/upload/f_auto,c_thumb,q_55,w_100,ar_5:4/v1/img/recipes/37/84/1/picz5yATQ.jpg', 'https://img.sndimg.com/food/image/upload/f_auto,c_thumb,q_55,w_120,ar_5:4/v1/img/recipes/37/84/1/picz5yATQ.jpg', 'https://img.sndimg.com/food/image/upload/f_auto,c_thumb,q_55,w_200,ar_5:4/v1/img/recipes/37/84/1/picz5yATQ.jpg', 'https://img.sndimg.com/food/image/upload/f_auto,c_thumb,q_55,w_250,ar_5:4/v1/img/recipes/37/84/1/picz5yATQ.jpg']"
1 asian noodle salad,70099,
1 favorite chinese steamed whole fish by sy,37841,
creamy  chicken curry,137434,
denauseating  with ginger tea,30473,
exotic fruits  barbecue marinade,303457,
healthy  fried rice,66932,"['https://img.sndimg.com/food/image/upload/f_auto,c_thumb,q_55,w_20,ar_5:4/v1/img/recipes/66/93/2/vEx2xP3QR4aZLGqUAjQ7_DSC04908-2.jpg', 'https://img.sndimg.com/food/image/upload/f_auto,c_thumb,q_55,w_80,ar_5:4/v1/img/recipes/66/93/2/vEx2xP3QR4aZLGqUAjQ7_DSC04908-2.jpg', 'https://img.sndimg.com/food/image/upload/f_auto,c_thumb,q_55,w_100,ar_5:4/v1/img/recipes/66/93/2/vEx2xP3QR4aZLGqUAjQ7_DSC04908-2.jpg', 'https://img.sndimg.com/food/image/upload/f_auto,c_thumb,q_55,w_120,ar_5:4/v1/img/recipes/66/93/2/vEx2xP3QR4aZLGqUAjQ7_DSC04908-2.jpg', 'https://img.sndimg.com/food/image/upload/f_auto,c_thumb,q_55,w_200,ar_5:4/v1/img/recipes/66/93/2/vEx2xP3QR4aZLGqUAjQ7_DSC04908-2.jpg', 'https://img.sndimg.com/food/image/upload/f_auto,c_thumb,q_55,w_250,ar_5:4/v1/img/recipes/66/93/2/vEx2xP3QR4aZLGqUAjQ7_DSC04908-2.jpg']"
jeera on cubes  barbecue marinade,303460,
leftover  lo mein for two,221049,
middle eastern   twice baked potatoes,120297,"['https://img.sndimg.com/food/image/upload/f_auto,c_thumb,q_55,w_20,ar_5:4/v1/img/recipes/12/02/97/picLsVzrq.jpg', 'https://img.sndimg.com/food/image/upload/f_auto,c_thumb,q_55,w_80,ar_5:4/v1/img/recipes/12/02/97/picLsVzrq.jpg', 'https://img.sndimg.com/food/image/upload/f_auto,c_thumb,q_55,w_100,ar_5:4/v1/img/recipes/12/02/97/picLsVzrq.jpg', 'https://img.sndimg.com/food/image/upload/f_auto,c_thumb,q_55,w_120,ar_5:4/v1/img/recipes/12/02/97/picLsVzrq.jpg', 'https://img.sndimg.com/food/image/upload/f_auto,c_thumb,q_55,w_200,ar_5:4/v1/img/recipes/12/02/97/picLsVzrq.jpg', 'https://img.sndimg.com/food/image/upload/f_auto,c_thumb,q_55,w_250,ar_5:4/v1/img/recipes/12/02/97/picLsVzrq.jpg']"
seva   bean   vegetable stew,9999,"['https://img.sndimg.com/food/image/upload/f_auto,c_thumb,q_55,w_20,ar_5:4/v1/img/recipes/30/54/31/picjYcXGC.jpg', 'https://img.sndimg.com/food/image/upload/f_auto,c_thumb,q_55,w_80,ar_5:4/v1/img/recipes/30/54/31/picjYcXGC.jpg', 'https://img.sndimg.com/food/image/upload/f_auto,c_thumb,q_55,w_100,ar_5:4/v1/img/recipes/30/54/31/picjYcXGC.jpg', 'https://img.sndimg.com/food/image/upload/f_auto,c_thumb,q_55,w_120,ar_5:4/v1/img/recipes/30/54/31/picjYcXGC.jpg', 'https://img.sndimg.com/food/image/upload/f_auto,c_thumb,q_55,w_200,ar_5:4/v1/img/recipes/30/54/31/picjYcXGC.jpg', 'https://img.sndimg.com/food/image/upload/f_auto,c_thumb,q_55,w_250,ar_5:4/v1/img/recipes/30/54/31/picjYcXGC.jpg']"
company s coming  rice,117116,
harak mas curry  sri lankan beef curry,305431,"['https://img.sndimg.com/food/image/upload/f_auto,c_thumb,q_55,w_20,ar_5:4/v1/img/recipes/41/87/56/pics6jfVu.jpg', 'https://img.sndimg.com/food/image/upload/f_auto,c_thumb,q_55,w_80,ar_5:4/v1/img/recipes/41/87/56/pics6jfVu.jpg', 'https://img.sndimg.com/food/image/upload/f_auto,c_thumb,q_55,w_100,ar_5:4/v1/img/recipes/41/87/56/pics6jfVu.jpg', 'https://img.sndimg.com/food/image/upload/f_auto,c_thumb,q_55,w_120,ar_5:4/v1/img/recipes/41/87/56/pics6jfVu.jpg', 'https://img.sndimg.com/food/image/upload/f_auto,c_thumb,q_55,w_200,ar_5:4/v1/img/recipes/41/87/56/pics6jfVu.jpg', 'https://img.sndimg.com/food/image/upload/f_auto,c_thumb,q_55,w_250,ar_5:4/v1/img/recipes/41/87/56/pics6jfVu.jpg']"
hibachi  style salad dressing,170199,
philly  roll sushi,285568,
rathu isso curry  sri lankan red prawn curry,315110,
akwa   traditional yemeni oxtail stew,385823,
